Workbook

Sheet Dashboard
A1: 🔥 HABIT & STREAK TRACKER
A2: Don't break the chain. Streaks turn intentions into identity.
A4: CHECK-INS THIS MONTH | C4: DAYS TRACKED | E4: BEST ACTIVE STREAK | G4: OVERALL COMPLETION
A5: =COUNTIF('Habit Log'!B5:I35,"✓") -> 0 | C5: =SUMPRODUCT(MAX(('Habit Log'!B5:I35<>"")*ROW('Habit Log'!B5:I35)))-IF(COUNTA('Habit Log'!B5:I35)=0,0,4) -> 0 | E5: =MAX(F10:F17) -> 0 | G5: =IF(COUNTA('Habit Log'!B5:I35)=0,0,A5/COUNTA('Habit Log'!B5:I35)) -> 0
A8: HABIT SCOREBOARD
A9: Habit | B9: Done | C9: Tracked | D9: % Done | E9: Current Streak | F9: Best Streak
A10: ='Habit Log'!B4 -> Morning Exercise | B10: =COUNTIF('Habit Log'!B5:B35,"✓") -> 0 | C10: =COUNTA('Habit Log'!B5:B35) -> 0 | D10: =IF(C10=0,"-",B10/C10) -> - | E10: =IFERROR(LOOKUP(2,1/('Habit Log'!B5:B35<>""),'Habit Log'!K5:K35),0) -> 0 | F10: =MAX('Habit Log'!K5:K35) -> 0
A11: ='Habit Log'!C4 -> Read 30 Minutes | B11: =COUNTIF('Habit Log'!C5:C35,"✓") -> 0 | C11: =COUNTA('Habit Log'!C5:C35) -> 0 | D11: =IF(C11=0,"-",B11/C11) -> - | E11: =IFERROR(LOOKUP(2,1/('Habit Log'!C5:C35<>""),'Habit Log'!L5:L35),0) -> 0 | F11: =MAX('Habit Log'!L5:L35) -> 0
A12: ='Habit Log'!D4 -> Drink 8 Glasses Water | B12: =COUNTIF('Habit Log'!D5:D35,"✓") -> 0 | C12: =COUNTA('Habit Log'!D5:D35) -> 0 | D12: =IF(C12=0,"-",B12/C12) -> - | E12: =IFERROR(LOOKUP(2,1/('Habit Log'!D5:D35<>""),'Habit Log'!M5:M35),0) -> 0 | F12: =MAX('Habit Log'!M5:M35) -> 0
A13: ='Habit Log'!E4 -> Meditate | B13: =COUNTIF('Habit Log'!E5:E35,"✓") -> 0 | C13: =COUNTA('Habit Log'!E5:E35) -> 0 | D13: =IF(C13=0,"-",B13/C13) -> - | E13: =IFERROR(LOOKUP(2,1/('Habit Log'!E5:E35<>""),'Habit Log'!N5:N35),0) -> 0 | F13: =MAX('Habit Log'!N5:N35) -> 0
A14: ='Habit Log'!F4 -> Journal | B14: =COUNTIF('Habit Log'!F5:F35,"✓") -> 0 | C14: =COUNTA('Habit Log'!F5:F35) -> 0 | D14: =IF(C14=0,"-",B14/C14) -> - | E14: =IFERROR(LOOKUP(2,1/('Habit Log'!F5:F35<>""),'Habit Log'!O5:O35),0) -> 0 | F14: =MAX('Habit Log'!O5:O35) -> 0
A15: ='Habit Log'!G4 -> No Junk Food | B15: =COUNTIF('Habit Log'!G5:G35,"✓") -> 0 | C15: =COUNTA('Habit Log'!G5:G35) -> 0 | D15: =IF(C15=0,"-",B15/C15) -> - | E15: =IFERROR(LOOKUP(2,1/('Habit Log'!G5:G35<>""),'Habit Log'!P5:P35),0) -> 0 | F15: =MAX('Habit Log'!P5:P35) -> 0
A16: ='Habit Log'!H4 -> In Bed by 11 PM | B16: =COUNTIF('Habit Log'!H5:H35,"✓") -> 0 | C16: =COUNTA('Habit Log'!H5:H35) -> 0 | D16: =IF(C16=0,"-",B16/C16) -> - | E16: =IFERROR(LOOKUP(2,1/('Habit Log'!H5:H35<>""),'Habit Log'!Q5:Q35),0) -> 0 | F16: =MAX('Habit Log'!Q5:Q35) -> 0
A17: ='Habit Log'!I4 -> Practice a Skill | B17: =COUNTIF('Habit Log'!I5:I35,"✓") -> 0 | C17: =COUNTA('Habit Log'!I5:I35) -> 0 | D17: =IF(C17=0,"-",B17/C17) -> - | E17: =IFERROR(LOOKUP(2,1/('Habit Log'!I5:I35<>""),'Habit Log'!R5:R35),0) -> 0 | F17: =MAX('Habit Log'!R5:R35) -> 0
A19: 💡 STREAK RULES
A20: A streak counts consecutive ✓ days — one ✗ resets it to zero.
A21: Current Streak = your streak as of the last day you tracked.
A22: Missed a day for a good reason? Decide your own rules — consistency beats perfection.

Sheet Habit Log
A1: Habit Log — One Month
A2: Type your habit names in the blue header row. Mark each day ✓ (done) or ✗ (missed). Columns K–R are streak helpers — don't edit.
A4: Day | B4: Morning Exercise | C4: Read 30 Minutes | D4: Drink 8 Glasses Water | E4: Meditate | F4: Journal | G4: No Junk Food | H4: In Bed by 11 PM | I4: Practice a Skill | K4: streak 1 | L4: streak 2 | M4: streak 3 | N4: streak 4 | O4: streak 5 | P4: streak 6 | Q4: streak 7 | R4: streak 8
A5: 1 | K5: =IF(B5="✓",1,0) -> 0 | L5: =IF(C5="✓",1,0) -> 0 | M5: =IF(D5="✓",1,0) -> 0 | N5: =IF(E5="✓",1,0) -> 0 | O5: =IF(F5="✓",1,0) -> 0 | P5: =IF(G5="✓",1,0) -> 0 | Q5: =IF(H5="✓",1,0) -> 0 | R5: =IF(I5="✓",1,0) -> 0
A6: 2 | K6: =IF(B6="✓",K5+1,0) -> 0 | L6: =IF(C6="✓",L5+1,0) -> 0 | M6: =IF(D6="✓",M5+1,0) -> 0 | N6: =IF(E6="✓",N5+1,0) -> 0 | O6: =IF(F6="✓",O5+1,0) -> 0 | P6: =IF(G6="✓",P5+1,0) -> 0 | Q6: =IF(H6="✓",Q5+1,0) -> 0 | R6: =IF(I6="✓",R5+1,0) -> 0
A7: 3 | K7: =IF(B7="✓",K6+1,0) -> 0 | L7: =IF(C7="✓",L6+1,0) -> 0 | M7: =IF(D7="✓",M6+1,0) -> 0 | N7: =IF(E7="✓",N6+1,0) -> 0 | O7: =IF(F7="✓",O6+1,0) -> 0 | P7: =IF(G7="✓",P6+1,0) -> 0 | Q7: =IF(H7="✓",Q6+1,0) -> 0 | R7: =IF(I7="✓",R6+1,0) -> 0
A8: 4 | K8: =IF(B8="✓",K7+1,0) -> 0 | L8: =IF(C8="✓",L7+1,0) -> 0 | M8: =IF(D8="✓",M7+1,0) -> 0 | N8: =IF(E8="✓",N7+1,0) -> 0 | O8: =IF(F8="✓",O7+1,0) -> 0 | P8: =IF(G8="✓",P7+1,0) -> 0 | Q8: =IF(H8="✓",Q7+1,0) -> 0 | R8: =IF(I8="✓",R7+1,0) -> 0
A9: 5 | K9: =IF(B9="✓",K8+1,0) -> 0 | L9: =IF(C9="✓",L8+1,0) -> 0 | M9: =IF(D9="✓",M8+1,0) -> 0 | N9: =IF(E9="✓",N8+1,0) -> 0 | O9: =IF(F9="✓",O8+1,0) -> 0 | P9: =IF(G9="✓",P8+1,0) -> 0 | Q9: =IF(H9="✓",Q8+1,0) -> 0 | R9: =IF(I9="✓",R8+1,0) -> 0
A10: 6 | K10: =IF(B10="✓",K9+1,0) -> 0 | L10: =IF(C10="✓",L9+1,0) -> 0 | M10: =IF(D10="✓",M9+1,0) -> 0 | N10: =IF(E10="✓",N9+1,0) -> 0 | O10: =IF(F10="✓",O9+1,0) -> 0 | P10: =IF(G10="✓",P9+1,0) -> 0 | Q10: =IF(H10="✓",Q9+1,0) -> 0 | R10: =IF(I10="✓",R9+1,0) -> 0
A11: 7 | K11: =IF(B11="✓",K10+1,0) -> 0 | L11: =IF(C11="✓",L10+1,0) -> 0 | M11: =IF(D11="✓",M10+1,0) -> 0 | N11: =IF(E11="✓",N10+1,0) -> 0 | O11: =IF(F11="✓",O10+1,0) -> 0 | P11: =IF(G11="✓",P10+1,0) -> 0 | Q11: =IF(H11="✓",Q10+1,0) -> 0 | R11: =IF(I11="✓",R10+1,0) -> 0
A12: 8 | K12: =IF(B12="✓",K11+1,0) -> 0 | L12: =IF(C12="✓",L11+1,0) -> 0 | M12: =IF(D12="✓",M11+1,0) -> 0 | N12: =IF(E12="✓",N11+1,0) -> 0 | O12: =IF(F12="✓",O11+1,0) -> 0 | P12: =IF(G12="✓",P11+1,0) -> 0 | Q12: =IF(H12="✓",Q11+1,0) -> 0 | R12: =IF(I12="✓",R11+1,0) -> 0
A13: 9 | K13: =IF(B13="✓",K12+1,0) -> 0 | L13: =IF(C13="✓",L12+1,0) -> 0 | M13: =IF(D13="✓",M12+1,0) -> 0 | N13: =IF(E13="✓",N12+1,0) -> 0 | O13: =IF(F13="✓",O12+1,0) -> 0 | P13: =IF(G13="✓",P12+1,0) -> 0 | Q13: =IF(H13="✓",Q12+1,0) -> 0 | R13: =IF(I13="✓",R12+1,0) -> 0
A14: 10 | K14: =IF(B14="✓",K13+1,0) -> 0 | L14: =IF(C14="✓",L13+1,0) -> 0 | M14: =IF(D14="✓",M13+1,0) -> 0 | N14: =IF(E14="✓",N13+1,0) -> 0 | O14: =IF(F14="✓",O13+1,0) -> 0 | P14: =IF(G14="✓",P13+1,0) -> 0 | Q14: =IF(H14="✓",Q13+1,0) -> 0 | R14: =IF(I14="✓",R13+1,0) -> 0
A15: 11 | K15: =IF(B15="✓",K14+1,0) -> 0 | L15: =IF(C15="✓",L14+1,0) -> 0 | M15: =IF(D15="✓",M14+1,0) -> 0 | N15: =IF(E15="✓",N14+1,0) -> 0 | O15: =IF(F15="✓",O14+1,0) -> 0 | P15: =IF(G15="✓",P14+1,0) -> 0 | Q15: =IF(H15="✓",Q14+1,0) -> 0 | R15: =IF(I15="✓",R14+1,0) -> 0
A16: 12 | K16: =IF(B16="✓",K15+1,0) -> 0 | L16: =IF(C16="✓",L15+1,0) -> 0 | M16: =IF(D16="✓",M15+1,0) -> 0 | N16: =IF(E16="✓",N15+1,0) -> 0 | O16: =IF(F16="✓",O15+1,0) -> 0 | P16: =IF(G16="✓",P15+1,0) -> 0 | Q16: =IF(H16="✓",Q15+1,0) -> 0 | R16: =IF(I16="✓",R15+1,0) -> 0
A17: 13 | K17: =IF(B17="✓",K16+1,0) -> 0 | L17: =IF(C17="✓",L16+1,0) -> 0 | M17: =IF(D17="✓",M16+1,0) -> 0 | N17: =IF(E17="✓",N16+1,0) -> 0 | O17: =IF(F17="✓",O16+1,0) -> 0 | P17: =IF(G17="✓",P16+1,0) -> 0 | Q17: =IF(H17="✓",Q16+1,0) -> 0 | R17: =IF(I17="✓",R16+1,0) -> 0
... A35: 31 | K35: =IF(B35="✓",K34+1,0) -> 0 | L35: =IF(C35="✓",L34+1,0) -> 0 | M35: =IF(D35="✓",M34+1,0) -> 0 | N35: =IF(E35="✓",N34+1,0) -> 0 | O35: =IF(F35="✓",O34+1,0) -> 0 | P35: =IF(G35="✓",P34+1,0) -> 0 | Q35: =IF(H35="✓",Q34+1,0) -> 0 | R35: =IF(I35="✓",R34+1,0) -> 0
