Workbook

Sheet Dashboard
A1: ⏰ TIME BLOCK MASTER SCHEDULER
A2: You don't find time — you assign it.
A4: BLOCKS SCHEDULED | C4: HOURS SCHEDULED | E4: HOURS UNSCHEDULED | G4: % OF WEEK PLANNED
A5: =COUNTA('Weekly Schedule'!B5:H40) -> 0 | C5: =A5/2 -> 0 | E5: =252/2-C5 -> 126 | G5: =A5/252 -> 0
A8: PLANNED vs TARGET BY CATEGORY
A9: Category | B9: Blocks | C9: Planned (hrs) | D9: Target (hrs) | E9: Status
A10: =IF(Categories!A5="","",Categories!A5) -> Deep Work | B10: =IF(A10="","",COUNTIF('Weekly Schedule'!$B$5:$H$40,A10)) -> 0 | C10: =IF(A10="","",B10/2) -> 0 | D10: =IF(A10="","",Categories!B5) -> 20 | E10: =IF(OR(A10="",D10=""),"",IF(C10>=D10,"✓ Target Met",IF(C10>=D10*0.75,"⚡ Close","🕐 Under"))) -> 🕐 Under
A11: =IF(Categories!A6="","",Categories!A6) -> Meetings | B11: =IF(A11="","",COUNTIF('Weekly Schedule'!$B$5:$H$40,A11)) -> 0 | C11: =IF(A11="","",B11/2) -> 0 | D11: =IF(A11="","",Categories!B6) -> 8 | E11: =IF(OR(A11="",D11=""),"",IF(C11>=D11,"✓ Target Met",IF(C11>=D11*0.75,"⚡ Close","🕐 Under"))) -> 🕐 Under
A12: =IF(Categories!A7="","",Categories!A7) -> Admin & Email | B12: =IF(A12="","",COUNTIF('Weekly Schedule'!$B$5:$H$40,A12)) -> 0 | C12: =IF(A12="","",B12/2) -> 0 | D12: =IF(A12="","",Categories!B7) -> 5 | E12: =IF(OR(A12="",D12=""),"",IF(C12>=D12,"✓ Target Met",IF(C12>=D12*0.75,"⚡ Close","🕐 Under"))) -> 🕐 Under
A13: =IF(Categories!A8="","",Categories!A8) -> Health & Fitness | B13: =IF(A13="","",COUNTIF('Weekly Schedule'!$B$5:$H$40,A13)) -> 0 | C13: =IF(A13="","",B13/2) -> 0 | D13: =IF(A13="","",Categories!B8) -> 6 | E13: =IF(OR(A13="",D13=""),"",IF(C13>=D13,"✓ Target Met",IF(C13>=D13*0.75,"⚡ Close","🕐 Under"))) -> 🕐 Under
A14: =IF(Categories!A9="","",Categories!A9) -> Meals & Breaks | B14: =IF(A14="","",COUNTIF('Weekly Schedule'!$B$5:$H$40,A14)) -> 0 | C14: =IF(A14="","",B14/2) -> 0 | D14: =IF(A14="","",Categories!B9) -> 12 | E14: =IF(OR(A14="",D14=""),"",IF(C14>=D14,"✓ Target Met",IF(C14>=D14*0.75,"⚡ Close","🕐 Under"))) -> 🕐 Under
A15: =IF(Categories!A10="","",Categories!A10) -> Family & Personal | B15: =IF(A15="","",COUNTIF('Weekly Schedule'!$B$5:$H$40,A15)) -> 0 | C15: =IF(A15="","",B15/2) -> 0 | D15: =IF(A15="","",Categories!B10) -> 20 | E15: =IF(OR(A15="",D15=""),"",IF(C15>=D15,"✓ Target Met",IF(C15>=D15*0.75,"⚡ Close","🕐 Under"))) -> 🕐 Under
A16: =IF(Categories!A11="","",Categories!A11) -> Learning | B16: =IF(A16="","",COUNTIF('Weekly Schedule'!$B$5:$H$40,A16)) -> 0 | C16: =IF(A16="","",B16/2) -> 0 | D16: =IF(A16="","",Categories!B11) -> 5 | E16: =IF(OR(A16="",D16=""),"",IF(C16>=D16,"✓ Target Met",IF(C16>=D16*0.75,"⚡ Close","🕐 Under"))) -> 🕐 Under
A17: =IF(Categories!A12="","",Categories!A12) -> Errands & Chores | B17: =IF(A17="","",COUNTIF('Weekly Schedule'!$B$5:$H$40,A17)) -> 0 | C17: =IF(A17="","",B17/2) -> 0 | D17: =IF(A17="","",Categories!B12) -> 6 | E17: =IF(OR(A17="",D17=""),"",IF(C17>=D17,"✓ Target Met",IF(C17>=D17*0.75,"⚡ Close","🕐 Under"))) -> 🕐 Under
A18: =IF(Categories!A13="","",Categories!A13) -> Rest & Wind-Down | B18: =IF(A18="","",COUNTIF('Weekly Schedule'!$B$5:$H$40,A18)) -> 0 | C18: =IF(A18="","",B18/2) -> 0 | D18: =IF(A18="","",Categories!B13) -> 10 | E18: =IF(OR(A18="",D18=""),"",IF(C18>=D18,"✓ Target Met",IF(C18>=D18*0.75,"⚡ Close","🕐 Under"))) -> 🕐 Under
A19: =IF(Categories!A14="","",Categories!A14) -> Buffer / Flex | B19: =IF(A19="","",COUNTIF('Weekly Schedule'!$B$5:$H$40,A19)) -> 0 | C19: =IF(A19="","",B19/2) -> 0 | D19: =IF(A19="","",Categories!B14) -> 4 | E19: =IF(OR(A19="",D19=""),"",IF(C19>=D19,"✓ Target Met",IF(C19>=D19*0.75,"⚡ Close","🕐 Under"))) -> 🕐 Under
A21: 💡 TIME BLOCKING IN 3 STEPS
A22: 1. Set weekly hour targets per category on the Categories tab.
A23: 2. Assign every 30-minute block on the Weekly Schedule.
A24: 3. Check the Dashboard — adjust until your calendar matches your priorities.

Sheet Categories
A1: Block Categories
A2: Define up to 10 categories (blue). The Weekly Schedule dropdown and Dashboard totals use this list.
A4: Category | B4: Weekly Target (hrs)
A5: Deep Work | B5: 20
A6: Meetings | B6: 8
A7: Admin & Email | B7: 5
A8: Health & Fitness | B8: 6
A9: Meals & Breaks | B9: 12
A10: Family & Personal | B10: 20
A11: Learning | B11: 5
A12: Errands & Chores | B12: 6
A13: Rest & Wind-Down | B13: 10
A14: Buffer / Flex | B14: 4

Sheet Weekly Schedule
A1: Weekly Schedule — 30-Minute Blocks
A2: Pick a category for each block from the dropdown (or type it). Every block you don't assign, someone else will.
A4: Time | B4: Monday | C4: Tuesday | D4: Wednesday | E4: Thursday | F4: Friday | G4: Saturday | H4: Sunday
A5: 5:00 AM
A6: 5:30 AM
A7: 6:00 AM
A8: 6:30 AM
A9: 7:00 AM
A10: 7:30 AM
A11: 8:00 AM
A12: 8:30 AM
A13: 9:00 AM
A14: 9:30 AM
A15: 10:00 AM
A16: 10:30 AM
... A40: 10:30 PM
