Workbook

Sheet Dashboard
A1: 🌴 HONEYMOON BUDGET & PLANNER
A2: The first trip of the rest of your lives — planned, not stressed.
A4: TOTAL BUDGET | C4: SPENT SO FAR | E4: REMAINING | G4: % USED
A5: =Budget!C14 -> 8650 | C5: =Budget!D14 -> 0 | E5: =A5-C5 -> 8650 | G5: =IF(A5=0,0,C5/A5) -> 0
A8: SPEND BY CATEGORY
A9: Category | B9: Budget | C9: Spent | D9: % Used | E9: Status
A10: =Budget!B4 -> Flights / Airfare | B10: =Budget!C4 -> 2000 | C10: =Budget!D4 -> 0 | D10: =IF(B10=0,"-",C10/B10) -> 0 | E10: =IF(D10="-","",IF(D10>1,"⚠ Over Budget",IF(D10>0.9,"⚡ Near Limit","✓ On Track"))) -> ✓ On Track
A11: =Budget!B5 -> Accommodation | B11: =Budget!C5 -> 2500 | C11: =Budget!D5 -> 0 | D11: =IF(B11=0,"-",C11/B11) -> 0 | E11: =IF(D11="-","",IF(D11>1,"⚠ Over Budget",IF(D11>0.9,"⚡ Near Limit","✓ On Track"))) -> ✓ On Track
A12: =Budget!B6 -> Food & Dining | B12: =Budget!C6 -> 1200 | C12: =Budget!D6 -> 0 | D12: =IF(B12=0,"-",C12/B12) -> 0 | E12: =IF(D12="-","",IF(D12>1,"⚠ Over Budget",IF(D12>0.9,"⚡ Near Limit","✓ On Track"))) -> ✓ On Track
A13: =Budget!B7 -> Activities & Tours | B13: =Budget!C7 -> 1000 | C13: =Budget!D7 -> 0 | D13: =IF(B13=0,"-",C13/B13) -> 0 | E13: =IF(D13="-","",IF(D13>1,"⚠ Over Budget",IF(D13>0.9,"⚡ Near Limit","✓ On Track"))) -> ✓ On Track
A14: =Budget!B8 -> Local Transport | B14: =Budget!C8 -> 400 | C14: =Budget!D8 -> 0 | D14: =IF(B14=0,"-",C14/B14) -> 0 | E14: =IF(D14="-","",IF(D14>1,"⚠ Over Budget",IF(D14>0.9,"⚡ Near Limit","✓ On Track"))) -> ✓ On Track
A15: =Budget!B9 -> Shopping & Souvenirs | B15: =Budget!C9 -> 500 | C15: =Budget!D9 -> 0 | D15: =IF(B15=0,"-",C15/B15) -> 0 | E15: =IF(D15="-","",IF(D15>1,"⚠ Over Budget",IF(D15>0.9,"⚡ Near Limit","✓ On Track"))) -> ✓ On Track
A16: =Budget!B10 -> Travel Insurance | B16: =Budget!C10 -> 200 | C16: =Budget!D10 -> 0 | D16: =IF(B16=0,"-",C16/B16) -> 0 | E16: =IF(D16="-","",IF(D16>1,"⚠ Over Budget",IF(D16>0.9,"⚡ Near Limit","✓ On Track"))) -> ✓ On Track
A17: =Budget!B11 -> Documents & Visas | B17: =Budget!C11 -> 150 | C17: =Budget!D11 -> 0 | D17: =IF(B17=0,"-",C17/B17) -> 0 | E17: =IF(D17="-","",IF(D17>1,"⚠ Over Budget",IF(D17>0.9,"⚡ Near Limit","✓ On Track"))) -> ✓ On Track
A18: =Budget!B12 -> Spa & Relaxation | B18: =Budget!C12 -> 400 | C18: =Budget!D12 -> 0 | D18: =IF(B18=0,"-",C18/B18) -> 0 | E18: =IF(D18="-","",IF(D18>1,"⚠ Over Budget",IF(D18>0.9,"⚡ Near Limit","✓ On Track"))) -> ✓ On Track
A19: =Budget!B13 -> Miscellaneous | B19: =Budget!C13 -> 300 | C19: =Budget!D13 -> 0 | D19: =IF(B19=0,"-",C19/B19) -> 0 | E19: =IF(D19="-","",IF(D19>1,"⚠ Over Budget",IF(D19>0.9,"⚡ Near Limit","✓ On Track"))) -> ✓ On Track
A21: 💡 BUDGET LIKE A LOCAL
A22: Book flights and lodging first — they anchor everything else.
A23: Keep a daily "fun money" allowance so small splurges never feel like guilt.
A24: Leave 10% unallocated — the best discoveries are unplanned.

Sheet Budget
A1: Honeymoon Budget — Category Breakdown
A2: Blue cells = enter your values | Black cells = calculated automatically
A3: # | B3: Category | C3: Budget | D3: Actual Spent | E3: Remaining | F3: % Used | G3: Notes
A4: 1 | B4: Flights / Airfare | C4: 2000 | D4: 0 | E4: =C4-D4 -> 2000 | F4: =IF(C4=0,"-",D4/C4) -> 0
A5: 2 | B5: Accommodation | C5: 2500 | D5: 0 | E5: =C5-D5 -> 2500 | F5: =IF(C5=0,"-",D5/C5) -> 0
A6: 3 | B6: Food & Dining | C6: 1200 | D6: 0 | E6: =C6-D6 -> 1200 | F6: =IF(C6=0,"-",D6/C6) -> 0
A7: 4 | B7: Activities & Tours | C7: 1000 | D7: 0 | E7: =C7-D7 -> 1000 | F7: =IF(C7=0,"-",D7/C7) -> 0
A8: 5 | B8: Local Transport | C8: 400 | D8: 0 | E8: =C8-D8 -> 400 | F8: =IF(C8=0,"-",D8/C8) -> 0
A9: 6 | B9: Shopping & Souvenirs | C9: 500 | D9: 0 | E9: =C9-D9 -> 500 | F9: =IF(C9=0,"-",D9/C9) -> 0
A10: 7 | B10: Travel Insurance | C10: 200 | D10: 0 | E10: =C10-D10 -> 200 | F10: =IF(C10=0,"-",D10/C10) -> 0
A11: 8 | B11: Documents & Visas | C11: 150 | D11: 0 | E11: =C11-D11 -> 150 | F11: =IF(C11=0,"-",D11/C11) -> 0
A12: 9 | B12: Spa & Relaxation | C12: 400 | D12: 0 | E12: =C12-D12 -> 400 | F12: =IF(C12=0,"-",D12/C12) -> 0
A13: 10 | B13: Miscellaneous | C13: 300 | D13: 0 | E13: =C13-D13 -> 300 | F13: =IF(C13=0,"-",D13/C13) -> 0
B14: TOTAL | C14: =SUM(C4:C13) -> 8650 | D14: =SUM(D4:D13) -> 0 | E14: =SUM(E4:E13) -> 8650 | F14: =IF(C14=0,0,D14/C14) -> 0

Sheet Itinerary
A1: Day-by-Day Itinerary
A2: Plan each day loosely — the best honeymoon memories are rarely scheduled.
A4: Day | B4: Date | C4: Location | D4: Morning | E4: Afternoon | F4: Evening | G4: Est. Cost
A5: 1
A6: 2
A7: 3
A8: 4
A9: 5
A10: 6
A11: 7
A12: 8
A13: 9
A14: 10
A15: 11
A16: 12
... A18: 14
F19: TOTAL | G19: =SUM(G5:G18) -> 0

Sheet Packing Checklist
A1: Packing Checklist
A2: Mark ✓ when packed. Add your own items in the blank rows.
A4: Category | B4: Item | C4: Packed?
A5: Documents | B5: Passports / IDs
A6: Documents | B6: Flight & hotel confirmations
A7: Documents | B7: Travel insurance details
A8: Documents | B8: Marriage certificate copy
A9: Essentials | B9: Phone chargers & adapters
A10: Essentials | B10: Medications
A11: Essentials | B11: Sunscreen
A12: Essentials | B12: Local currency / cards
A13: Clothing | B13: Swimwear
A14: Clothing | B14: Evening outfits
A15: Clothing | B15: Comfortable walking shoes
A16: Clothing | B16: Weather-appropriate layers
... A20: Extras | B20: Gifts / surprise for partner
A26: PACKED | B26: =COUNTIF(C5:C24,"✓")&" of "&COUNTA(B5:B24)&" items" -> 0 of 16 items
