Workbook

Sheet Dashboard
A1: 💒 WEDDING BUDGET TRACKER
A2: Track every dollar — from venue to favors.
B4: TOTAL BUDGET | D4: TOTAL SPENT | F4: REMAINING | H4: % USED
B5: =SUM(Budget!C4:C15) -> 44500 | D5: =SUM(Budget!D4:D15) -> 0 | F5: =B5-D5 -> 44500 | H5: =IF(B5=0,0,D5/B5) -> 0
A8: Category | B8: Budget | C8: Spent | D8: Remaining | E8: % Used | F8: Status
A9: =Budget!B4 -> Venue | B9: =Budget!C4 -> 8000 | C9: =Budget!D4 -> 0 | D9: =Budget!E4 -> 8000 | E9: =IF(Budget!C4=0,"-",Budget!D4/Budget!C4) -> 0 | F9: =IF(E9="","",(IF(E9>1,"⚠ Over Budget",IF(E9>0.9,"⚡ Near Limit","✓ On Track")))) -> ✓ On Track
A10: =Budget!B5 -> Catering | B10: =Budget!C5 -> 12000 | C10: =Budget!D5 -> 0 | D10: =Budget!E5 -> 12000 | E10: =IF(Budget!C5=0,"-",Budget!D5/Budget!C5) -> 0 | F10: =IF(E10="","",(IF(E10>1,"⚠ Over Budget",IF(E10>0.9,"⚡ Near Limit","✓ On Track")))) -> ✓ On Track
A11: =Budget!B6 -> Photography | B11: =Budget!C6 -> 3500 | C11: =Budget!D6 -> 0 | D11: =Budget!E6 -> 3500 | E11: =IF(Budget!C6=0,"-",Budget!D6/Budget!C6) -> 0 | F11: =IF(E11="","",(IF(E11>1,"⚠ Over Budget",IF(E11>0.9,"⚡ Near Limit","✓ On Track")))) -> ✓ On Track
A12: =Budget!B7 -> Videography | B12: =Budget!C7 -> 2000 | C12: =Budget!D7 -> 0 | D12: =Budget!E7 -> 2000 | E12: =IF(Budget!C7=0,"-",Budget!D7/Budget!C7) -> 0 | F12: =IF(E12="","",(IF(E12>1,"⚠ Over Budget",IF(E12>0.9,"⚡ Near Limit","✓ On Track")))) -> ✓ On Track
A13: =Budget!B8 -> Flowers & Décor | B13: =Budget!C8 -> 3000 | C13: =Budget!D8 -> 0 | D13: =Budget!E8 -> 3000 | E13: =IF(Budget!C8=0,"-",Budget!D8/Budget!C8) -> 0 | F13: =IF(E13="","",(IF(E13>1,"⚠ Over Budget",IF(E13>0.9,"⚡ Near Limit","✓ On Track")))) -> ✓ On Track
A14: =Budget!B9 -> Music & Entertainment | B14: =Budget!C9 -> 2500 | C14: =Budget!D9 -> 0 | D14: =Budget!E9 -> 2500 | E14: =IF(Budget!C9=0,"-",Budget!D9/Budget!C9) -> 0 | F14: =IF(E14="","",(IF(E14>1,"⚠ Over Budget",IF(E14>0.9,"⚡ Near Limit","✓ On Track")))) -> ✓ On Track
A15: =Budget!B10 -> Attire & Beauty | B15: =Budget!C10 -> 4000 | C15: =Budget!D10 -> 0 | D15: =Budget!E10 -> 4000 | E15: =IF(Budget!C10=0,"-",Budget!D10/Budget!C10) -> 0 | F15: =IF(E15="","",(IF(E15>1,"⚠ Over Budget",IF(E15>0.9,"⚡ Near Limit","✓ On Track")))) -> ✓ On Track
A16: =Budget!B11 -> Stationery & Favors | B16: =Budget!C11 -> 1500 | C16: =Budget!D11 -> 0 | D16: =Budget!E11 -> 1500 | E16: =IF(Budget!C11=0,"-",Budget!D11/Budget!C11) -> 0 | F16: =IF(E16="","",(IF(E16>1,"⚠ Over Budget",IF(E16>0.9,"⚡ Near Limit","✓ On Track")))) -> ✓ On Track
A17: =Budget!B12 -> Transportation | B17: =Budget!C12 -> 1200 | C17: =Budget!D12 -> 0 | D17: =Budget!E12 -> 1200 | E17: =IF(Budget!C12=0,"-",Budget!D12/Budget!C12) -> 0 | F17: =IF(E17="","",(IF(E17>1,"⚠ Over Budget",IF(E17>0.9,"⚡ Near Limit","✓ On Track")))) -> ✓ On Track
A18: =Budget!B13 -> Honeymoon | B18: =Budget!C13 -> 5000 | C18: =Budget!D13 -> 0 | D18: =Budget!E13 -> 5000 | E18: =IF(Budget!C13=0,"-",Budget!D13/Budget!C13) -> 0 | F18: =IF(E18="","",(IF(E18>1,"⚠ Over Budget",IF(E18>0.9,"⚡ Near Limit","✓ On Track")))) -> ✓ On Track
A19: =Budget!B14 -> Officiant & Ceremony | B19: =Budget!C14 -> 800 | C19: =Budget!D14 -> 0 | D19: =Budget!E14 -> 800 | E19: =IF(Budget!C14=0,"-",Budget!D14/Budget!C14) -> 0 | F19: =IF(E19="","",(IF(E19>1,"⚠ Over Budget",IF(E19>0.9,"⚡ Near Limit","✓ On Track")))) -> ✓ On Track
A20: =Budget!B15 -> Miscellaneous | B20: =Budget!C15 -> 1000 | C20: =Budget!D15 -> 0 | D20: =Budget!E15 -> 1000 | E20: =IF(Budget!C15=0,"-",Budget!D15/Budget!C15) -> 0 | F20: =IF(E20="","",(IF(E20>1,"⚠ Over Budget",IF(E20>0.9,"⚡ Near Limit","✓ On Track")))) -> ✓ On Track
A21: TOTAL | B21: =SUM(B9:B20) -> 44500 | C21: =SUM(C9:C20) -> 0 | D21: =SUM(D9:D20) -> 44500 | E21: =IF(B21=0,0,C21/B21) -> 0

Sheet Budget
A1: Wedding Budget — Category Breakdown
A2: Blue cells = enter your values | Black cells = calculated automatically
A3: # | B3: Category | C3: Budget | D3: Actual Spent | E3: Remaining | F3: % Used | G3: Notes
A4: 1 | B4: Venue | C4: 8000 | D4: 0 | E4: =C4-D4 -> 8000 | F4: =IF(C4=0,"-",D4/C4) -> 0
A5: 2 | B5: Catering | C5: 12000 | D5: 0 | E5: =C5-D5 -> 12000 | F5: =IF(C5=0,"-",D5/C5) -> 0
A6: 3 | B6: Photography | C6: 3500 | D6: 0 | E6: =C6-D6 -> 3500 | F6: =IF(C6=0,"-",D6/C6) -> 0
A7: 4 | B7: Videography | C7: 2000 | D7: 0 | E7: =C7-D7 -> 2000 | F7: =IF(C7=0,"-",D7/C7) -> 0
A8: 5 | B8: Flowers & Décor | C8: 3000 | D8: 0 | E8: =C8-D8 -> 3000 | F8: =IF(C8=0,"-",D8/C8) -> 0
A9: 6 | B9: Music & Entertainment | C9: 2500 | D9: 0 | E9: =C9-D9 -> 2500 | F9: =IF(C9=0,"-",D9/C9) -> 0
A10: 7 | B10: Attire & Beauty | C10: 4000 | D10: 0 | E10: =C10-D10 -> 4000 | F10: =IF(C10=0,"-",D10/C10) -> 0
A11: 8 | B11: Stationery & Favors | C11: 1500 | D11: 0 | E11: =C11-D11 -> 1500 | F11: =IF(C11=0,"-",D11/C11) -> 0
A12: 9 | B12: Transportation | C12: 1200 | D12: 0 | E12: =C12-D12 -> 1200 | F12: =IF(C12=0,"-",D12/C12) -> 0
A13: 10 | B13: Honeymoon | C13: 5000 | D13: 0 | E13: =C13-D13 -> 5000 | F13: =IF(C13=0,"-",D13/C13) -> 0
A14: 11 | B14: Officiant & Ceremony | C14: 800 | D14: 0 | E14: =C14-D14 -> 800 | F14: =IF(C14=0,"-",D14/C14) -> 0
A15: 12 | B15: Miscellaneous | C15: 1000 | D15: 0 | E15: =C15-D15 -> 1000 | F15: =IF(C15=0,"-",D15/C15) -> 0
B16: TOTAL | C16: =SUM(C4:C15) -> 44500 | D16: =SUM(D4:D15) -> 0 | E16: =SUM(E4:E15) -> 44500 | F16: =IF(C16=0,0,D16/C16) -> 0

Sheet Vendors
A1: Vendor Directory & Payment Tracker
A3: Category | B3: Vendor Name | C3: Contact | D3: Phone | E3: Email | F3: Contract Amt | G3: Deposit Paid | H3: Balance Due | I3: Status
A4: Venue | F4: 0 | G4: 0 | H4: =IF(F4=0,"-",F4-G4) -> - | I4: =IF(F4=0,"",IF(G4>=F4,"✓ Paid","⏳ Pending"))
A5: Catering | F5: 0 | G5: 0 | H5: =IF(F5=0,"-",F5-G5) -> - | I5: =IF(F5=0,"",IF(G5>=F5,"✓ Paid","⏳ Pending"))
A6: Photography | F6: 0 | G6: 0 | H6: =IF(F6=0,"-",F6-G6) -> - | I6: =IF(F6=0,"",IF(G6>=F6,"✓ Paid","⏳ Pending"))
A7: Videography | F7: 0 | G7: 0 | H7: =IF(F7=0,"-",F7-G7) -> - | I7: =IF(F7=0,"",IF(G7>=F7,"✓ Paid","⏳ Pending"))
A8: Flowers & Décor | F8: 0 | G8: 0 | H8: =IF(F8=0,"-",F8-G8) -> - | I8: =IF(F8=0,"",IF(G8>=F8,"✓ Paid","⏳ Pending"))
A9: Music & Entertainment | F9: 0 | G9: 0 | H9: =IF(F9=0,"-",F9-G9) -> - | I9: =IF(F9=0,"",IF(G9>=F9,"✓ Paid","⏳ Pending"))
A10: Attire | F10: 0 | G10: 0 | H10: =IF(F10=0,"-",F10-G10) -> - | I10: =IF(F10=0,"",IF(G10>=F10,"✓ Paid","⏳ Pending"))
A11: Transportation | F11: 0 | G11: 0 | H11: =IF(F11=0,"-",F11-G11) -> - | I11: =IF(F11=0,"",IF(G11>=F11,"✓ Paid","⏳ Pending"))
A12: Officiant | F12: 0 | G12: 0 | H12: =IF(F12=0,"-",F12-G12) -> - | I12: =IF(F12=0,"",IF(G12>=F12,"✓ Paid","⏳ Pending"))
F13: 0 | G13: 0 | H13: =IF(F13=0,"-",F13-G13) -> - | I13: =IF(F13=0,"",IF(G13>=F13,"✓ Paid","⏳ Pending"))
A14: TOTALS | F14: =SUM(F4:F13) -> 0 | G14: =SUM(G4:G13) -> 0 | H14: =SUM(H4:H13) -> 0

Sheet Payment Schedule
A1: Upcoming Payments & Deadlines
A3: Due Date | B3: Vendor | C3: Category | D3: Amount Due | E3: Paid? | F3: Date Paid | G3: Notes
