Workbook

Sheet Dashboard
A1: 🏋️ WORKOUT TRACKER
A2: Log every session. Track every PR. Build the body you want.
A4: TOTAL WORKOUTS | C4: THIS WEEK | E4: TOTAL VOLUME (lbs) | G4: AVG SESSION (min)
A5: =COUNTA('Workout Log'!A5:A504) -> 500 | C5: =COUNTIFS('Workout Log'!B5:B504,">="&(TODAY()-WEEKDAY(TODAY(),2)+1),'Workout Log'!B5:B504,"<="&TODAY()) -> 0 | E5: =SUMPRODUCT(('Workout Log'!G5:G504)*('Workout Log'!H5:H504)*('Workout Log'!I5:I504)) -> 0 | G5: =IFERROR(AVERAGE('Workout Log'!F5:F504),0) -> 0
A8: Workout Type | B8: Sessions | C8: Avg Duration (min)
A9: Strength Training | B9: =COUNTIF('Workout Log'!C5:C504,"Strength Training") -> 0 | C9: =IFERROR(AVERAGEIF('Workout Log'!C5:C504,"Strength Training",'Workout Log'!F5:F504),"-") -> -
A10: Cardio / Running | B10: =COUNTIF('Workout Log'!C5:C504,"Cardio / Running") -> 0 | C10: =IFERROR(AVERAGEIF('Workout Log'!C5:C504,"Cardio / Running",'Workout Log'!F5:F504),"-") -> -
A11: HIIT | B11: =COUNTIF('Workout Log'!C5:C504,"HIIT") -> 0 | C11: =IFERROR(AVERAGEIF('Workout Log'!C5:C504,"HIIT",'Workout Log'!F5:F504),"-") -> -
A12: Yoga / Mobility | B12: =COUNTIF('Workout Log'!C5:C504,"Yoga / Mobility") -> 0 | C12: =IFERROR(AVERAGEIF('Workout Log'!C5:C504,"Yoga / Mobility",'Workout Log'!F5:F504),"-") -> -
A13: Cycling | B13: =COUNTIF('Workout Log'!C5:C504,"Cycling") -> 0 | C13: =IFERROR(AVERAGEIF('Workout Log'!C5:C504,"Cycling",'Workout Log'!F5:F504),"-") -> -
A14: Swimming | B14: =COUNTIF('Workout Log'!C5:C504,"Swimming") -> 0 | C14: =IFERROR(AVERAGEIF('Workout Log'!C5:C504,"Swimming",'Workout Log'!F5:F504),"-") -> -
A15: Sports | B15: =COUNTIF('Workout Log'!C5:C504,"Sports") -> 0 | C15: =IFERROR(AVERAGEIF('Workout Log'!C5:C504,"Sports",'Workout Log'!F5:F504),"-") -> -
A16: Other | B16: =COUNTIF('Workout Log'!C5:C504,"Other") -> 0 | C16: =IFERROR(AVERAGEIF('Workout Log'!C5:C504,"Other",'Workout Log'!F5:F504),"-") -> -

Sheet Workout Log
A1: Workout Log
A2: Blue = enter data | Volume = Sets × Reps × Weight
A4: # | B4: Date | C4: Workout Type | D4: Exercise Name | E4: Muscle Group | F4: Duration (min) | G4: Sets | H4: Reps | I4: Weight (lbs) | J4: Volume | K4: Notes
A5: 1 | J5: =IF(G5*H5*I5=0,"-",G5*H5*I5) -> -
A6: 2 | J6: =IF(G6*H6*I6=0,"-",G6*H6*I6) -> -
A7: 3 | J7: =IF(G7*H7*I7=0,"-",G7*H7*I7) -> -
A8: 4 | J8: =IF(G8*H8*I8=0,"-",G8*H8*I8) -> -
A9: 5 | J9: =IF(G9*H9*I9=0,"-",G9*H9*I9) -> -
A10: 6 | J10: =IF(G10*H10*I10=0,"-",G10*H10*I10) -> -
A11: 7 | J11: =IF(G11*H11*I11=0,"-",G11*H11*I11) -> -
A12: 8 | J12: =IF(G12*H12*I12=0,"-",G12*H12*I12) -> -
A13: 9 | J13: =IF(G13*H13*I13=0,"-",G13*H13*I13) -> -
A14: 10 | J14: =IF(G14*H14*I14=0,"-",G14*H14*I14) -> -
A15: 11 | J15: =IF(G15*H15*I15=0,"-",G15*H15*I15) -> -
A16: 12 | J16: =IF(G16*H16*I16=0,"-",G16*H16*I16) -> -
... A504: 500 | J504: =IF(G504*H504*I504=0,"-",G504*H504*I504) -> -

Sheet PR Tracker
A1: Personal Records (PRs)
A2: Track your all-time best lifts and milestones.
A4: Exercise | B4: Current PR | C4: Date Achieved | D4: Previous PR | E4: Improvement | F4: Notes
A5: Back Squat | E5: =IF(OR(B5="",D5=""),"-",B5-D5) -> -
A6: Bench Press | E6: =IF(OR(B6="",D6=""),"-",B6-D6) -> -
A7: Deadlift | E7: =IF(OR(B7="",D7=""),"-",B7-D7) -> -
A8: Overhead Press | E8: =IF(OR(B8="",D8=""),"-",B8-D8) -> -
A9: Barbell Row | E9: =IF(OR(B9="",D9=""),"-",B9-D9) -> -
A10: Pull-Ups (max reps) | E10: =IF(OR(B10="",D10=""),"-",B10-D10) -> -
A11: 5K Run Time | E11: =IF(OR(B11="",D11=""),"-",B11-D11) -> -
A12: Mile Time | E12: =IF(OR(B12="",D12=""),"-",B12-D12) -> -
A13: Plank (sec) | E13: =IF(OR(B13="",D13=""),"-",B13-D13) -> -
A14: Clean & Jerk | E14: =IF(OR(B14="",D14=""),"-",B14-D14) -> -
A15: Front Squat | E15: =IF(OR(B15="",D15=""),"-",B15-D15) -> -
A16: Incline Bench | E16: =IF(OR(B16="",D16=""),"-",B16-D16) -> -
