Workbook

Sheet Dashboard
A1: 🚚 EVENT VENDOR & LOGISTICS MANAGER
A2: Every vendor, contract, and load-in window — under control.
A4: VENDORS | C4: CONTRACT TOTAL | E4: DEPOSITS PAID | G4: BALANCE DUE
A5: =COUNTA('Vendor Directory'!B5:B24) -> 0 | C5: ='Vendor Directory'!G25 -> 0 | E5: ='Vendor Directory'!H25 -> 0 | G5: =C5-E5 -> 0
A8: BOOKING STATUS
A9: Status | B9: Vendors | C9: % of Total
A10: Booked | B10: =COUNTIF('Vendor Directory'!J5:J24,"Booked") -> 0 | C10: =IF($A$5=0,0,B10/$A$5) -> 0
A11: Pending | B11: =COUNTIF('Vendor Directory'!J5:J24,"Pending") -> 0 | C11: =IF($A$5=0,0,B11/$A$5) -> 0
A12: Cancelled | B12: =COUNTIF('Vendor Directory'!J5:J24,"Cancelled") -> 0 | C12: =IF($A$5=0,0,B12/$A$5) -> 0
A15: PAYMENT PROGRESS
A16: Metric | B16: Amount | C16: % of Contracts
A17: Deposits paid | B17: =E5 -> 0 | C17: =IF(C5=0,0,E5/C5) -> 0
A18: Still owed | B18: =G5 -> 0 | C18: =IF(C5=0,0,G5/C5) -> 0
A21: 💡 LOGISTICS RULES OF THUMB
A22: Confirm every vendor's arrival window 7 days out, then again 24 hours out.
A23: Schedule AV and rentals to load in before décor — cables come before centerpieces.
A24: Keep one printed copy of the Load-In Schedule on site. Phones die; paper doesn't.

Sheet Vendor Directory
A1: Vendor Directory & Contracts
A2: Blue = enter your values | Status options: Booked / Pending / Cancelled
A4: # | B4: Vendor | C4: Service Category | D4: Contact Name | E4: Phone | F4: Email | G4: Contract Amt | H4: Deposit Paid | I4: Balance Due | J4: Status | K4: Notes
A5: 1 | C5: Venue | I5: =IF(G5="","-",G5-IF(H5="",0,H5)) -> -
A6: 2 | C6: Catering | I6: =IF(G6="","-",G6-IF(H6="",0,H6)) -> -
A7: 3 | C7: AV / Production | I7: =IF(G7="","-",G7-IF(H7="",0,H7)) -> -
A8: 4 | C8: Entertainment | I8: =IF(G8="","-",G8-IF(H8="",0,H8)) -> -
A9: 5 | C9: Photography | I9: =IF(G9="","-",G9-IF(H9="",0,H9)) -> -
A10: 6 | C10: Florals / Décor | I10: =IF(G10="","-",G10-IF(H10="",0,H10)) -> -
A11: 7 | C11: Rentals | I11: =IF(G11="","-",G11-IF(H11="",0,H11)) -> -
A12: 8 | C12: Security | I12: =IF(G12="","-",G12-IF(H12="",0,H12)) -> -
A13: 9 | C13: Transportation | I13: =IF(G13="","-",G13-IF(H13="",0,H13)) -> -
A14: 10 | C14: Printing / Signage | I14: =IF(G14="","-",G14-IF(H14="",0,H14)) -> -
A15: 11 | I15: =IF(G15="","-",G15-IF(H15="",0,H15)) -> -
A16: 12 | I16: =IF(G16="","-",G16-IF(H16="",0,H16)) -> -
A17: 13 | I17: =IF(G17="","-",G17-IF(H17="",0,H17)) -> -
A18: 14 | I18: =IF(G18="","-",G18-IF(H18="",0,H18)) -> -
A19: 15 | I19: =IF(G19="","-",G19-IF(H19="",0,H19)) -> -
A20: 16 | I20: =IF(G20="","-",G20-IF(H20="",0,H20)) -> -
A21: 17 | I21: =IF(G21="","-",G21-IF(H21="",0,H21)) -> -
A22: 18 | I22: =IF(G22="","-",G22-IF(H22="",0,H22)) -> -
A23: 19 | I23: =IF(G23="","-",G23-IF(H23="",0,H23)) -> -
A24: 20 | I24: =IF(G24="","-",G24-IF(H24="",0,H24)) -> -
B25: TOTAL | G25: =SUM(G5:G24) -> 0 | H25: =SUM(H5:H24) -> 0 | I25: =G25-H25 -> 0

Sheet Load-In Schedule
A1: Load-In / Load-Out Schedule
A2: Day-of logistics: who arrives when, where they set up, and who to call when they don't.
A4: Time | B4: Vendor | C4: Task | D4: Area / Location | E4: On-Site Contact | F4: Phone | G4: Status
